gameId,startTimeEST,homeTeamName,awayTeamName,homeWinProb,awayWinProb,homeTeamScore,awayTeamScore,lastPeriod,correct_outcome,homeTeamOdds,awayTeamOdds
2025020911.0,2026-02-25 19:00:00,Washington Capitals,Philadelphia Flyers,0.63,0.37,3.0,1.0,REG,1,-145.0,125.0
2025020910.0,2026-02-25 19:00:00,New Jersey Devils,Buffalo Sabres,0.5566666666666666,0.4433333333333333,1.0,2.0,REG,0,-110.0,-110.0
2025020912.0,2026-02-25 19:30:00,Tampa Bay Lightning,Toronto Maple Leafs,0.61,0.39,4.0,2.0,REG,1,-225.0,185.0
2025020913.0,2026-02-25 20:00:00,Dallas Stars,Seattle Kraken,0.6433333333333333,0.3566666666666667,4.0,1.0,REG,1,-170.0,140.0
2025020914.0,2026-02-25 21:00:00,Utah Mammoth,Colorado Avalanche,0.7,0.3,2.0,4.0,REG,0,100.0,-120.0
2025020915.0,2026-02-25 22:00:00,Vancouver Canucks,Winnipeg Jets,0.5333333333333333,0.4666666666666667,2.0,3.0,OT,0,110.0,-130.0
2025020916.0,2026-02-25 22:00:00,Los Angeles Kings,Vegas Golden Knights,0.5633333333333334,0.4366666666666666,4.0,6.0,REG,0,-180.0,150.0
2025020917.0,2026-02-25 22:30:00,Anaheim Ducks,Edmonton Oilers,0.62,0.38,6.0,5.0,REG,1,110.0,-130.0
2025020918.0,2026-02-26 19:00:00,Boston Bruins,Columbus Blue Jackets,0.4166666666666667,0.5833333333333334,4.0,2.0,REG,0,-160.0,135.0
2025020922.0,2026-02-26 19:00:00,Pittsburgh Penguins,New Jersey Devils,0.5333333333333333,0.4666666666666667,4.0,1.0,REG,1,-115.0,-105.0
2025020921.0,2026-02-26 19:00:00,Florida Panthers,Toronto Maple Leafs,0.7366666666666667,0.2633333333333333,5.0,1.0,REG,1,-145.0,120.0
2025020923.0,2026-02-26 19:00:00,Carolina Hurricanes,Tampa Bay Lightning,0.5866666666666667,0.4133333333333333,5.0,4.0,REG,1,-150.0,125.0
2025020919.0,2026-02-26 19:00:00,Montréal Canadiens,New York Islanders,0.5333333333333333,0.4666666666666667,3.0,4.0,OT,0,-145.0,125.0
2025020920.0,2026-02-26 19:00:00,Ottawa Senators,Detroit Red Wings,0.47,0.53,1.0,2.0,OT,1,-160.0,135.0
2025020924.0,2026-02-26 20:00:00,New York Rangers,Philadelphia Flyers,0.4333333333333333,0.5666666666666667,2.0,3.0,OT,1,-170.0,140.0
2025020925.0,2026-02-26 20:00:00,St. Louis Blues,Seattle Kraken,0.65,0.35,5.0,1.0,REG,1,-140.0,120.0
2025020926.0,2026-02-26 20:00:00,Nashville Predators,Chicago Blackhawks,0.6077777777777778,0.3922222222222222,4.0,2.0,REG,1,-135.0,115.0
2025020927.0,2026-02-26 21:00:00,Colorado Avalanche,Minnesota Wild,0.6366666666666667,0.3633333333333333,2.0,5.0,REG,0,-155.0,130.0
2025020928.0,2026-02-26 22:00:00,San Jose Sharks,Calgary Flames,0.48,0.52,1.0,4.0,REG,1,-130.0,110.0
2025020929.0,2026-02-26 22:30:00,Los Angeles Kings,Edmonton Oilers,0.4666666666666667,0.5333333333333333,1.0,8.0,REG,1,-105.0,-115.0
2025020930.0,2026-02-27 19:00:00,Florida Panthers,Buffalo Sabres,0.5733333333333334,0.4266666666666667,2.0,3.0,REG,0,-115.0,-105.0
2025020931.0,2026-02-27 19:00:00,Washington Capitals,Vegas Golden Knights,0.5433333333333333,0.4566666666666666,3.0,2.0,REG,1,-115.0,-105.0
2025020932.0,2026-02-27 21:00:00,Utah Mammoth,Minnesota Wild,0.4683333333333333,0.5316666666666666,5.0,2.0,REG,0,-135.0,115.0
2025020933.0,2026-02-27 22:00:00,Anaheim Ducks,Winnipeg Jets,0.4033333333333333,0.5966666666666667,5.0,4.0,OT,0,-135.0,115.0
2025020934.0,2026-02-28 12:30:00,New York Rangers,Pittsburgh Penguins,0.4433333333333333,0.5566666666666666,3.0,2.0,SO,0,105.0,-125.0
2025020935.0,2026-02-28 15:00:00,Philadelphia Flyers,Boston Bruins,0.38,0.62,3.0,1.0,REG,0,-115.0,-105.0
2025020936.0,2026-02-28 16:00:00,San Jose Sharks,Edmonton Oilers,0.4366666666666666,0.5633333333333334,5.0,4.0,REG,0,135.0,-160.0
2025020943.0,2026-02-28 17:00:00,St. Louis Blues,New Jersey Devils,0.5266666666666666,0.4733333333333333,1.0,3.0,REG,0,-110.0,-110.0
2025020938.0,2026-02-28 18:00:00,Colorado Avalanche,Chicago Blackhawks,0.52,0.48,3.0,1.0,REG,1,-350.0,280.0
2025020937.0,2026-02-28 18:00:00,Columbus Blue Jackets,New York Islanders,0.4766666666666667,0.5233333333333333,3.0,4.0,OT,1,-140.0,120.0
2025020939.0,2026-02-28 19:00:00,Toronto Maple Leafs,Ottawa Senators,0.57,0.43,2.0,5.0,REG,0,-145.0,125.0
2025020944.0,2026-02-28 19:00:00,Los Angeles Kings,Calgary Flames,0.54,0.46,2.0,0.0,REG,1,-160.0,135.0
2025020942.0,2026-02-28 19:00:00,Carolina Hurricanes,Detroit Red Wings,0.62,0.38,5.0,2.0,REG,1,-200.0,165.0
2025020941.0,2026-02-28 19:00:00,Tampa Bay Lightning,Buffalo Sabres,0.6466666666666666,0.3533333333333333,2.0,6.0,REG,0,-250.0,200.0
2025020940.0,2026-02-28 19:00:00,Montréal Canadiens,Washington Capitals,0.58,0.42,6.0,2.0,REG,1,110.0,-130.0
2025020945.0,2026-02-28 20:00:00,Dallas Stars,Nashville Predators,0.5566666666666666,0.4433333333333333,3.0,2.0,OT,1,-150.0,130.0
2025020946.0,2026-02-28 22:00:00,Seattle Kraken,Vancouver Canucks,0.4633333333333333,0.5366666666666666,5.0,1.0,REG,0,-160.0,135.0
2025020947.0,2026-03-01 13:00:00,Pittsburgh Penguins,Vegas Golden Knights,0.5133333333333333,0.4866666666666667,5.0,0.0,REG,1,125.0,-145.0
2025020950.0,2026-03-01 16:00:00,San Jose Sharks,Winnipeg Jets,0.4866666666666667,0.5133333333333333,2.0,1.0,OT,0,100.0,-120.0
2025020949.0,2026-03-01 16:00:00,Utah Mammoth,Chicago Blackhawks,0.6,0.4,0.0,4.0,REG,0,-325.0,260.0
2025020951.0,2026-03-01 17:00:00,Minnesota Wild,St. Louis Blues,0.6233333333333333,0.3766666666666666,1.0,3.0,REG,0,-235.0,190.0
2025020948.0,2026-03-01 18:30:00,New York Islanders,Florida Panthers,0.5566666666666666,0.4433333333333333,5.0,4.0,REG,1,125.0,-145.0
2025020952.0,2026-03-01 20:00:00,Anaheim Ducks,Calgary Flames,0.5733333333333334,0.4266666666666667,3.0,2.0,SO,1,-185.0,155.0
2025020955.0,2026-03-02 14:00:00,Nashville Predators,Detroit Red Wings,0.5166666666666667,0.4833333333333333,2.0,4.0,REG,0,-110.0,-110.0
2025020953.0,2026-03-02 19:00:00,New York Rangers,Columbus Blue Jackets,0.7266666666666667,0.2733333333333333,4.0,5.0,OT,0,-105.0,-115.0
2025020954.0,2026-03-02 19:30:00,Toronto Maple Leafs,Philadelphia Flyers,0.5033333333333333,0.4966666666666666,2.0,3.0,SO,0,-135.0,115.0
2025020956.0,2026-03-02 22:00:00,Vancouver Canucks,Dallas Stars,0.5466666666666666,0.4533333333333333,1.0,6.0,REG,0,170.0,-200.0
2025020957.0,2026-03-02 22:00:00,Seattle Kraken,Carolina Hurricanes,0.5233333333333333,0.4766666666666667,2.0,1.0,REG,1,155.0,-185.0
2025020958.0,2026-03-02 22:30:00,Los Angeles Kings,Colorado Avalanche,0.5066666666666667,0.4933333333333333,2.0,4.0,REG,0,150.0,-182.0
2025020963.0,2026-03-03 19:00:00,Columbus Blue Jackets,Nashville Predators,0.6133333333333333,0.3866666666666666,3.0,2.0,REG,1,-120.0,100.0
2025020960.0,2026-03-03 19:00:00,Buffalo Sabres,Vegas Golden Knights,0.4933333333333333,0.5066666666666667,3.0,2.0,REG,0,-120.0,100.0
2025020962.0,2026-03-03 19:00:00,Washington Capitals,Utah Mammoth,0.5466666666666666,0.4533333333333333,2.0,3.0,REG,0,-105.0,-115.0
2025020961.0,2026-03-03 19:00:00,New Jersey Devils,Florida Panthers,0.4466666666666666,0.5533333333333333,5.0,1.0,REG,0,-130.0,110.0
2025020959.0,2026-03-03 19:00:00,Boston Bruins,Pittsburgh Penguins,0.5966666666666667,0.4033333333333333,2.0,1.0,REG,1,-140.0,120.0
2025020964.0,2026-03-03 20:00:00,Winnipeg Jets,Chicago Blackhawks,0.4633333333333333,0.5366666666666666,3.0,2.0,OT,0,-150.0,125.0
2025020965.0,2026-03-03 21:00:00,Calgary Flames,Dallas Stars,0.5466666666666666,0.4533333333333333,1.0,6.0,REG,0,-120.0,100.0
2025020966.0,2026-03-03 21:00:00,Edmonton Oilers,Ottawa Senators,0.5033333333333333,0.4966666666666666,5.0,4.0,OT,1,110.0,-130.0
2025020967.0,2026-03-03 21:30:00,Minnesota Wild,Tampa Bay Lightning,0.5266666666666666,0.4733333333333333,5.0,1.0,REG,1,120.0,-140.0
2025020968.0,2026-03-03 22:00:00,Anaheim Ducks,Colorado Avalanche,0.5233333333333333,0.4766666666666667,1.0,5.0,REG,0,125.0,-145.0
2025020969.0,2026-03-03 22:00:00,San Jose Sharks,Montréal Canadiens,0.4866666666666667,0.5133333333333333,7.0,5.0,REG,0,115.0,-135.0
2025020970.0,2026-03-04 19:00:00,Detroit Red Wings,Vegas Golden Knights,0.56,0.44,3.0,4.0,OT,0,-135.0,115.0
2025020971.0,2026-03-04 19:00:00,New Jersey Devils,Toronto Maple Leafs,0.5633333333333334,0.4366666666666666,4.0,3.0,SO,1,-125.0,105.0
2025020974.0,2026-03-04 22:00:00,Seattle Kraken,St. Louis Blues,0.4233333333333333,0.5766666666666667,2.0,3.0,REG,1,100.0,-120.0
2025020973.0,2026-03-04 22:00:00,Anaheim Ducks,New York Islanders,0.5566666666666666,0.4433333333333333,5.0,1.0,REG,1,270.0,-340.0
2025020972.0,2026-03-04 22:00:00,Vancouver Canucks,Carolina Hurricanes,0.5466666666666666,0.4533333333333333,4.0,6.0,REG,0,-150.0,130.0
2025020977.0,2026-03-05 19:00:00,Pittsburgh Penguins,Buffalo Sabres,0.5933333333333334,0.4066666666666667,1.0,5.0,REG,0,-130.0,110.0
2025020975.0,2026-03-05 19:00:00,New York Rangers,Toronto Maple Leafs,0.5833333333333334,0.4166666666666667,6.0,2.0,REG,1,-105.0,-115.0
2025020978.0,2026-03-05 19:00:00,Columbus Blue Jackets,Florida Panthers,0.4833333333333333,0.5166666666666667,4.0,2.0,REG,0,100.0,-120.0
2025020976.0,2026-03-05 19:00:00,Philadelphia Flyers,Utah Mammoth,0.57,0.43,0.0,3.0,REG,0,-115.0,-105.0
2025020979.0,2026-03-05 20:00:00,Nashville Predators,Boston Bruins,0.54,0.46,6.0,3.0,REG,1,-105.0,-115.0
2025020980.0,2026-03-05 20:00:00,Winnipeg Jets,Tampa Bay Lightning,0.4633333333333333,0.5366666666666666,4.0,1.0,REG,0,165.0,-200.0
2025020981.0,2026-03-05 21:00:00,Calgary Flames,Ottawa Senators,0.4433333333333333,0.5566666666666666,1.0,4.0,REG,1,150.0,-180.0
2025020982.0,2026-03-05 21:30:00,Los Angeles Kings,New York Islanders,0.62,0.38,5.0,3.0,REG,1,-120.0,100.0
2025020983.0,2026-03-06 19:00:00,Detroit Red Wings,Florida Panthers,0.4633333333333333,0.5366666666666666,1.0,3.0,REG,1,-150.0,130.0
2025020984.0,2026-03-06 20:00:00,Dallas Stars,Colorado Avalanche,0.74,0.26,4.0,5.0,SO,0,100.0,-120.0
2025020985.0,2026-03-06 20:30:00,Chicago Blackhawks,Vancouver Canucks,0.52,0.48,3.0,6.0,REG,0,-160.0,135.0
2025020987.0,2026-03-06 21:00:00,Anaheim Ducks,Montréal Canadiens,0.5000000000000001,0.4999999999999999,6.0,5.0,SO,1,-110.0,-110.0
2025020986.0,2026-03-06 21:00:00,Edmonton Oilers,Carolina Hurricanes,0.5733333333333334,0.4266666666666667,3.0,6.0,REG,0,-105.0,-115.0
2025020989.0,2026-03-06 22:00:00,San Jose Sharks,St. Louis Blues,0.47,0.53,2.0,3.0,OT,1,-145.0,125.0
2025020988.0,2026-03-06 22:00:00,Vegas Golden Knights,Minnesota Wild,0.48,0.52,2.0,4.0,REG,1,100.0,-120.0
2025020990.0,2026-03-07 12:30:00,Boston Bruins,Washington Capitals,0.5333333333333333,0.4666666666666667,3.0,1.0,REG,1,-130.0,110.0
2025020991.0,2026-03-07 15:00:00,New Jersey Devils,New York Rangers,0.4933333333333333,0.5066666666666667,6.0,3.0,REG,0,-170.0,145.0
2025020992.0,2026-03-07 17:30:00,Buffalo Sabres,Nashville Predators,0.6433333333333333,0.3566666666666667,3.0,2.0,REG,1,-185.0,155.0
2025020993.0,2026-03-07 17:30:00,Pittsburgh Penguins,Philadelphia Flyers,0.4333333333333333,0.5666666666666667,3.0,4.0,SO,1,-135.0,115.0
2025020994.0,2026-03-07 19:00:00,Toronto Maple Leafs,Tampa Bay Lightning,0.6266666666666667,0.3733333333333333,2.0,5.0,REG,0,-105.0,-115.0
2025020995.0,2026-03-07 19:00:00,Columbus Blue Jackets,Utah Mammoth,0.63,0.37,4.0,5.0,OT,0,175.0,-210.0
2025020996.0,2026-03-07 19:00:00,Winnipeg Jets,Vancouver Canucks,0.51,0.49,3.0,2.0,OT,1,-115.0,-105.0
2025020997.0,2026-03-07 19:00:00,Los Angeles Kings,Montréal Canadiens,0.6133333333333333,0.3866666666666666,3.0,4.0,REG,0,-290.0,235.0
2025021000.0,2026-03-07 22:00:00,Seattle Kraken,Ottawa Senators,0.6033333333333334,0.3966666666666666,4.0,7.0,REG,0,135.0,-160.0
2025020998.0,2026-03-07 22:00:00,Calgary Flames,Carolina Hurricanes,0.4966666666666666,0.5033333333333333,5.0,4.0,REG,0,170.0,-210.0
2025020999.0,2026-03-07 22:00:00,San Jose Sharks,New York Islanders,0.4466666666666666,0.5533333333333333,1.0,2.0,OT,1,120.0,-140.0
2025021001.0,2026-03-08 14:00:00,Colorado Avalanche,Minnesota Wild,0.7233333333333334,0.2766666666666666,3.0,2.0,SO,1,-185.0,155.0
2025021002.0,2026-03-08 16:30:00,Pittsburgh Penguins,Boston Bruins,0.4766666666666667,0.5233333333333333,5.0,4.0,OT,0,-125.0,105.0
2025021003.0,2026-03-08 18:00:00,Buffalo Sabres,Tampa Bay Lightning,0.5566666666666666,0.4433333333333333,8.0,7.0,REG,1,-320.0,260.0
2025021004.0,2026-03-08 18:00:00,Dallas Stars,Chicago Blackhawks,0.6766666666666666,0.3233333333333333,4.0,3.0,OT,1,-105.0,-115.0
2025021005.0,2026-03-08 19:00:00,New Jersey Devils,Detroit Red Wings,0.4733333333333333,0.5266666666666666,0.0,3.0,REG,1,-105.0,-115.0
2025021006.0,2026-03-08 21:00:00,Anaheim Ducks,St. Louis Blues,0.3966666666666666,0.6033333333333334,0.0,4.0,REG,1,-175.0,145.0
2025021007.0,2026-03-08 21:30:00,Vegas Golden Knights,Edmonton Oilers,0.57,0.43,2.0,4.0,REG,0,-110.0,-110.0
2025020828.0,2026-03-09 16:00:00,Columbus Blue Jackets,Los Angeles Kings,0.6466666666666666,0.3533333333333333,4.0,5.0,OT,0,-150.0,130.0
2025021008.0,2026-03-09 19:00:00,Philadelphia Flyers,New York Rangers,0.45,0.55,2.0,6.0,REG,1,-135.0,115.0
2025021009.0,2026-03-09 19:00:00,Washington Capitals,Calgary Flames,0.4766666666666667,0.5233333333333333,7.0,3.0,REG,0,-190.0,160.0
2025021010.0,2026-03-09 20:30:00,Chicago Blackhawks,Utah Mammoth,0.44,0.56,3.0,2.0,OT,0,185.0,-225.0
2025021011.0,2026-03-09 21:00:00,Vancouver Canucks,Ottawa Senators,0.4166666666666667,0.5833333333333334,0.0,2.0,REG,1,190.0,-235.0
2025021014.0,2026-03-10 19:00:00,Montréal Canadiens,Toronto Maple Leafs,0.5266666666666666,0.4733333333333333,3.0,1.0,REG,1,-235.0,195.0
2025021017.0,2026-03-10 19:00:00,New York Rangers,Calgary Flames,0.6066666666666667,0.3933333333333333,4.0,0.0,REG,1,-110.0,-110.0
2025021018.0,2026-03-10 19:00:00,Carolina Hurricanes,Pittsburgh Penguins,0.59,0.41,5.0,4.0,SO,1,-160.0,135.0
2025021015.0,2026-03-10 19:00:00,Tampa Bay Lightning,Columbus Blue Jackets,0.6433333333333333,0.3566666666666667,2.0,5.0,REG,0,-125.0,105.0
2025021012.0,2026-03-10 19:00:00,Boston Bruins,Los Angeles Kings,0.5466666666666666,0.4533333333333333,2.0,1.0,OT,1,-170.0,140.0
2025021013.0,2026-03-10 19:00:00,Buffalo Sabres,San Jose Sharks,0.6133333333333333,0.3866666666666666,6.0,3.0,REG,1,-200.0,170.0
2025021016.0,2026-03-10 19:00:00,Florida Panthers,Detroit Red Wings,0.69,0.31,4.0,3.0,REG,1,-200.0,165.0
2025021019.0,2026-03-10 19:30:00,St. Louis Blues,New York Islanders,0.5066666666666667,0.4933333333333333,3.0,4.0,OT,0,105.0,-125.0
2025021020.0,2026-03-10 20:00:00,Dallas Stars,Vegas Golden Knights,0.6233333333333333,0.3766666666666666,2.0,1.0,REG,1,-160.0,135.0
2025021021.0,2026-03-10 20:00:00,Minnesota Wild,Utah Mammoth,0.6566666666666666,0.3433333333333333,5.0,0.0,REG,1,-150.0,130.0
2025021022.0,2026-03-10 20:30:00,Winnipeg Jets,Anaheim Ducks,0.71,0.29,1.0,4.0,REG,0,-135.0,115.0
2025021024.0,2026-03-10 22:00:00,Seattle Kraken,Nashville Predators,0.4366666666666666,0.5633333333333334,2.0,4.0,REG,1,-175.0,150.0
2025021023.0,2026-03-10 22:00:00,Colorado Avalanche,Edmonton Oilers,0.76,0.24,3.0,4.0,REG,0,-110.0,-110.0
2025021026.0,2026-03-11 19:30:00,Philadelphia Flyers,Washington Capitals,0.4433333333333333,0.5566666666666666,4.0,1.0,REG,0,-192.0,160.0
2025021025.0,2026-03-11 19:30:00,Ottawa Senators,Montréal Canadiens,0.5166666666666667,0.4833333333333333,2.0,3.0,REG,0,110.0,-130.0
2025021033.0,2026-03-12 19:00:00,Carolina Hurricanes,St. Louis Blues,0.61,0.39,1.0,3.0,REG,0,-290.0,235.0
2025021029.0,2026-03-12 19:00:00,Toronto Maple Leafs,Anaheim Ducks,0.6433333333333333,0.3566666666666667,6.0,4.0,REG,1,-110.0,-110.0
2025021032.0,2026-03-12 19:00:00,New Jersey Devils,Calgary Flames,0.6066666666666667,0.3933333333333333,4.0,5.0,REG,0,-185.0,155.0
2025021031.0,2026-03-12 19:00:00,Florida Panthers,Columbus Blue Jackets,0.7266666666666667,0.2733333333333333,2.0,1.0,OT,1,105.0,-125.0
2025021028.0,2026-03-12 19:00:00,Buffalo Sabres,Washington Capitals,0.6233333333333333,0.3766666666666666,1.0,2.0,REG,0,-220.0,180.0
2025021027.0,2026-03-12 19:00:00,Boston Bruins,San Jose Sharks,0.6533333333333333,0.3466666666666667,2.0,4.0,REG,0,-220.0,180.0
2025021030.0,2026-03-12 19:00:00,Tampa Bay Lightning,Detroit Red Wings,0.6033333333333334,0.3966666666666666,4.0,1.0,REG,1,-160.0,135.0
2025021035.0,2026-03-12 20:00:00,Minnesota Wild,Philadelphia Flyers,0.5266666666666666,0.4733333333333333,2.0,3.0,SO,0,-225.0,185.0
2025021036.0,2026-03-12 20:00:00,Winnipeg Jets,New York Rangers,0.59,0.41,3.0,6.0,REG,0,-155.0,130.0
2025021034.0,2026-03-12 20:00:00,Dallas Stars,Edmonton Oilers,0.7033333333333334,0.2966666666666667,7.0,2.0,REG,1,-125.0,105.0
2025021037.0,2026-03-12 21:00:00,Utah Mammoth,Chicago Blackhawks,0.4933333333333333,0.5066666666666667,2.0,3.0,OT,1,-230.0,190.0
2025021040.0,2026-03-12 22:00:00,Seattle Kraken,Colorado Avalanche,0.4933333333333333,0.5066666666666667,1.0,5.0,REG,1,170.0,-210.0
2025021039.0,2026-03-12 22:00:00,Vegas Golden Knights,Pittsburgh Penguins,0.5733333333333334,0.4266666666666667,6.0,2.0,REG,1,-170.0,145.0
2025021038.0,2026-03-12 22:00:00,Vancouver Canucks,Nashville Predators,0.5066666666666667,0.4933333333333333,4.0,3.0,SO,1,140.0,-165.0
2025021041.0,2026-03-13 19:00:00,New York Islanders,Los Angeles Kings,0.4633333333333333,0.5366666666666666,2.0,3.0,REG,1,-140.0,120.0
2025021042.0,2026-03-13 20:00:00,St. Louis Blues,Edmonton Oilers,0.5566666666666666,0.4433333333333333,3.0,2.0,OT,1,120.0,-140.0
2025021043.0,2026-03-14 13:00:00,Ottawa Senators,Anaheim Ducks,0.5066666666666667,0.4933333333333333,2.0,0.0,REG,1,-180.0,150.0
2025021044.0,2026-03-14 15:00:00,Washington Capitals,Boston Bruins,0.5166666666666667,0.4833333333333333,2.0,3.0,SO,0,-130.0,110.0
2025021045.0,2026-03-14 16:00:00,Winnipeg Jets,Colorado Avalanche,0.55,0.45,3.0,1.0,REG,1,150.0,-180.0
2025021046.0,2026-03-14 18:00:00,Minnesota Wild,New York Rangers,0.48,0.52,2.0,4.0,REG,1,-200.0,165.0
2025021049.0,2026-03-14 19:00:00,Tampa Bay Lightning,Carolina Hurricanes,0.6466666666666666,0.3533333333333333,2.0,4.0,REG,0,-160.0,135.0
2025021050.0,2026-03-14 19:00:00,New Jersey Devils,Los Angeles Kings,0.5466666666666666,0.4533333333333333,6.0,4.0,REG,1,-125.0,105.0
2025021048.0,2026-03-14 19:00:00,Montréal Canadiens,San Jose Sharks,0.4333333333333333,0.5666666666666667,2.0,4.0,REG,1,-235.0,195.0
2025021047.0,2026-03-14 19:00:00,Buffalo Sabres,Toronto Maple Leafs,0.53,0.47,3.0,2.0,SO,1,-150.0,130.0
2025021051.0,2026-03-14 19:00:00,New York Islanders,Calgary Flames,0.42,0.58,3.0,2.0,REG,0,-150.0,130.0
2025021052.0,2026-03-14 19:30:00,Philadelphia Flyers,Columbus Blue Jackets,0.4866666666666667,0.5133333333333333,1.0,2.0,SO,1,115.0,-135.0
2025021053.0,2026-03-14 20:00:00,Dallas Stars,Detroit Red Wings,0.6666666666666666,0.3333333333333333,3.0,2.0,OT,1,-190.0,160.0
2025021054.0,2026-03-14 21:00:00,Utah Mammoth,Pittsburgh Penguins,0.6133333333333333,0.3866666666666666,3.0,4.0,REG,0,-150.0,130.0
2025021056.0,2026-03-14 22:00:00,Vegas Golden Knights,Chicago Blackhawks,0.5533333333333333,0.4466666666666666,4.0,0.0,REG,1,-225.0,185.0
2025021055.0,2026-03-14 22:00:00,Vancouver Canucks,Seattle Kraken,0.55,0.45,2.0,5.0,REG,0,120.0,-140.0
2025021057.0,2026-03-15 15:00:00,Winnipeg Jets,St. Louis Blues,0.6433333333333333,0.3566666666666667,3.0,2.0,REG,1,-105.0,-115.0
2025021058.0,2026-03-15 17:00:00,Ottawa Senators,San Jose Sharks,0.5966666666666667,0.4033333333333333,7.0,4.0,REG,1,-200.0,165.0
2025021059.0,2026-03-15 19:00:00,Montréal Canadiens,Anaheim Ducks,0.4966666666666666,0.5033333333333333,3.0,4.0,REG,1,-145.0,120.0
2025021060.0,2026-03-15 19:30:00,Minnesota Wild,Toronto Maple Leafs,0.5000000000000001,0.4999999999999999,2.0,4.0,REG,0,-250.0,200.0
2025021061.0,2026-03-15 20:00:00,Edmonton Oilers,Nashville Predators,0.5000000000000001,0.4999999999999999,3.0,1.0,REG,1,105.0,-125.0
2025021062.0,2026-03-15 20:00:00,Seattle Kraken,Florida Panthers,0.55,0.45,6.0,2.0,REG,1,-185.0,155.0
2025021064.0,2026-03-16 19:00:00,New Jersey Devils,Boston Bruins,0.4633333333333333,0.5366666666666666,4.0,3.0,OT,0,-105.0,-115.0
2025021065.0,2026-03-16 19:00:00,New York Rangers,Los Angeles Kings,0.43,0.57,1.0,4.0,REG,1,-185.0,155.0
2025021063.0,2026-03-16 19:00:00,Detroit Red Wings,Calgary Flames,0.4533333333333333,0.5466666666666666,5.0,2.0,REG,0,-125.0,105.0
2025021066.0,2026-03-16 20:00:00,Dallas Stars,Utah Mammoth,0.65,0.35,3.0,6.0,REG,0,-160.0,135.0
2025021067.0,2026-03-16 21:30:00,Colorado Avalanche,Pittsburgh Penguins,0.62,0.38,2.0,7.0,REG,0,-225.0,185.0
2025021069.0,2026-03-17 19:00:00,Montréal Canadiens,Boston Bruins,0.4766666666666667,0.5233333333333333,3.0,2.0,OT,0,100.0,-120.0
2025021070.0,2026-03-17 19:00:00,Columbus Blue Jackets,Carolina Hurricanes,0.5533333333333333,0.4466666666666666,5.0,1.0,REG,1,125.0,-150.0
2025021068.0,2026-03-17 19:00:00,Toronto Maple Leafs,New York Islanders,0.5966666666666667,0.4033333333333333,1.0,3.0,REG,0,-160.0,135.0
2025021072.0,2026-03-17 19:30:00,Chicago Blackhawks,Minnesota Wild,0.5533333333333333,0.4466666666666666,3.0,4.0,OT,0,145.0,-175.0
2025021071.0,2026-03-17 20:00:00,Winnipeg Jets,Nashville Predators,0.6666666666666666,0.3333333333333333,3.0,4.0,SO,0,-130.0,110.0
2025021073.0,2026-03-17 21:00:00,Edmonton Oilers,San Jose Sharks,0.61,0.39,5.0,3.0,REG,1,-160.0,135.0
2025021075.0,2026-03-17 22:00:00,Vegas Golden Knights,Buffalo Sabres,0.65,0.35,0.0,2.0,REG,0,-135.0,115.0
2025021074.0,2026-03-17 22:00:00,Vancouver Canucks,Florida Panthers,0.5333333333333333,0.4666666666666667,5.0,2.0,REG,1,130.0,-155.0
2025021076.0,2026-03-17 22:00:00,Seattle Kraken,Tampa Bay Lightning,0.7033333333333334,0.2966666666666667,2.0,6.0,REG,0,155.0,-185.0
2025021078.0,2026-03-18 19:00:00,Carolina Hurricanes,Pittsburgh Penguins,0.5533333333333333,0.4466666666666666,6.0,5.0,OT,1,-135.0,115.0
2025021077.0,2026-03-18 19:00:00,New York Rangers,New Jersey Devils,0.5000000000000001,0.4999999999999999,3.0,6.0,REG,0,100.0,-120.0
2025021079.0,2026-03-18 19:30:00,Washington Capitals,Ottawa Senators,0.5233333333333333,0.4766666666666667,4.0,1.0,REG,1,115.0,-135.0
2025021080.0,2026-03-18 21:30:00,Colorado Avalanche,Dallas Stars,0.6766666666666666,0.3233333333333333,1.0,2.0,SO,0,-140.0,120.0
2025021081.0,2026-03-18 21:30:00,Calgary Flames,St. Louis Blues,0.5166666666666667,0.4833333333333333,2.0,1.0,SO,1,110.0,-130.0
2025021082.0,2026-03-18 22:00:00,Anaheim Ducks,Philadelphia Flyers,0.4666666666666667,0.5333333333333333,2.0,3.0,OT,1,-155.0,130.0
2025021085.0,2026-03-19 19:00:00,Detroit Red Wings,Montréal Canadiens,0.4333333333333333,0.5666666666666667,3.0,1.0,REG,0,-125.0,105.0
2025021083.0,2026-03-19 19:00:00,Boston Bruins,Winnipeg Jets,0.61,0.39,6.0,1.0,REG,1,-220.0,180.0
2025021084.0,2026-03-19 19:00:00,Ottawa Senators,New York Islanders,0.5333333333333333,0.4666666666666667,3.0,2.0,REG,1,-105.0,-115.0
2025021086.0,2026-03-19 19:00:00,Columbus Blue Jackets,New York Rangers,0.5233333333333333,0.4766666666666667,6.0,3.0,REG,1,-140.0,120.0
2025021088.0,2026-03-19 19:30:00,Minnesota Wild,Chicago Blackhawks,0.5533333333333333,0.4466666666666666,1.0,2.0,REG,0,-190.0,160.0
2025021087.0,2026-03-19 20:00:00,Nashville Predators,Seattle Kraken,0.57,0.43,3.0,1.0,REG,1,-120.0,100.0
2025021089.0,2026-03-19 21:00:00,Edmonton Oilers,Florida Panthers,0.5933333333333334,0.4066666666666667,0.0,4.0,REG,0,-160.0,135.0
2025021090.0,2026-03-19 22:00:00,Vancouver Canucks,Tampa Bay Lightning,0.65,0.35,2.0,6.0,REG,0,120.0,-140.0
2025021092.0,2026-03-19 22:00:00,San Jose Sharks,Buffalo Sabres,0.2866666666666667,0.7133333333333334,0.0,5.0,REG,1,260.0,-325.0
2025021091.0,2026-03-19 22:00:00,Vegas Golden Knights,Utah Mammoth,0.5466666666666666,0.4533333333333333,0.0,4.0,REG,0,-135.0,115.0
2025021093.0,2026-03-19 22:30:00,Los Angeles Kings,Philadelphia Flyers,0.4566666666666666,0.5433333333333333,3.0,4.0,SO,1,-175.0,145.0
2025021094.0,2026-03-20 19:00:00,Toronto Maple Leafs,Carolina Hurricanes,0.64,0.36,3.0,4.0,OT,0,185.0,-225.0
2025021095.0,2026-03-20 19:00:00,Washington Capitals,New Jersey Devils,0.6233333333333333,0.3766666666666666,2.0,1.0,REG,1,-125.0,105.0
2025021096.0,2026-03-20 20:30:00,Chicago Blackhawks,Colorado Avalanche,0.4333333333333333,0.5666666666666667,1.0,4.0,REG,1,275.0,-350.0
2025021097.0,2026-03-20 21:00:00,Calgary Flames,Florida Panthers,0.3733333333333333,0.6266666666666667,4.0,1.0,REG,0,-115.0,-105.0
2025021098.0,2026-03-20 22:00:00,Utah Mammoth,Anaheim Ducks,0.5533333333333333,0.4466666666666666,1.0,4.0,REG,0,-135.0,115.0
2025021099.0,2026-03-21 13:00:00,Pittsburgh Penguins,Winnipeg Jets,0.5633333333333334,0.4366666666666666,5.0,4.0,SO,1,-160.0,135.0
2025021100.0,2026-03-21 14:00:00,Nashville Predators,Vegas Golden Knights,0.59,0.41,4.0,1.0,REG,1,125.0,-145.0
2025021103.0,2026-03-21 16:00:00,San Jose Sharks,Philadelphia Flyers,0.3233333333333333,0.6766666666666666,1.0,4.0,REG,1,110.0,-130.0
2025021101.0,2026-03-21 16:00:00,Minnesota Wild,Dallas Stars,0.4266666666666667,0.5733333333333334,2.0,1.0,OT,0,-125.0,105.0
2025021102.0,2026-03-21 16:00:00,Los Angeles Kings,Buffalo Sabres,0.5133333333333333,0.4866666666666667,1.0,4.0,REG,0,115.0,-135.0
2025021104.0,2026-03-21 17:00:00,Columbus Blue Jackets,Seattle Kraken,0.6666666666666666,0.3333333333333333,5.0,2.0,REG,1,-185.0,155.0
2025021105.0,2026-03-21 19:00:00,Montréal Canadiens,New York Islanders,0.48,0.52,7.0,3.0,REG,0,-125.0,105.0
2025021107.0,2026-03-21 19:00:00,Vancouver Canucks,St. Louis Blues,0.46,0.54,1.0,3.0,REG,1,125.0,-145.0
2025021106.0,2026-03-21 19:00:00,Ottawa Senators,Toronto Maple Leafs,0.5766666666666667,0.4233333333333333,5.0,2.0,REG,1,-300.0,240.0
2025021108.0,2026-03-21 20:00:00,Detroit Red Wings,Boston Bruins,0.6133333333333333,0.3866666666666666,2.0,4.0,REG,0,-120.0,100.0
2025021109.0,2026-03-21 22:00:00,Edmonton Oilers,Tampa Bay Lightning,0.44,0.56,2.0,5.0,REG,1,115.0,-135.0
2025021110.0,2026-03-22 12:00:00,New York Rangers,Winnipeg Jets,0.5833333333333334,0.4166666666666667,2.0,3.0,SO,0,-120.0,100.0
2025021111.0,2026-03-22 12:30:00,Washington Capitals,Colorado Avalanche,0.7066666666666667,0.2933333333333333,2.0,3.0,OT,0,140.0,-170.0
2025021112.0,2026-03-22 15:00:00,Pittsburgh Penguins,Carolina Hurricanes,0.5633333333333334,0.4366666666666666,1.0,5.0,REG,0,-105.0,-115.0
2025021113.0,2026-03-22 15:00:00,Chicago Blackhawks,Nashville Predators,0.3866666666666666,0.6133333333333333,2.0,3.0,OT,1,120.0,-140.0
2025021114.0,2026-03-22 19:00:00,New York Islanders,Columbus Blue Jackets,0.5166666666666667,0.4833333333333333,1.0,0.0,REG,1,-140.0,120.0
2025021115.0,2026-03-22 19:00:00,Dallas Stars,Vegas Golden Knights,0.5866666666666667,0.4133333333333333,2.0,3.0,REG,0,105.0,-125.0
2025021117.0,2026-03-22 20:00:00,Anaheim Ducks,Buffalo Sabres,0.48,0.52,6.0,5.0,OT,0,-102.0,-118.0
2025021116.0,2026-03-22 20:00:00,Calgary Flames,Tampa Bay Lightning,0.6733333333333333,0.3266666666666666,4.0,3.0,OT,1,145.0,-170.0
2025021118.0,2026-03-22 21:00:00,Utah Mammoth,Los Angeles Kings,0.4066666666666667,0.5933333333333334,4.0,3.0,OT,0,-175.0,145.0
2025021119.0,2026-03-23 19:30:00,New York Rangers,Ottawa Senators,0.54,0.46,1.0,2.0,REG,0,160.0,-190.0
2025021120.0,2026-03-24 19:00:00,Boston Bruins,Toronto Maple Leafs,0.5733333333333334,0.4266666666666667,2.0,4.0,REG,0,115.0,-135.0
2025021123.0,2026-03-24 19:00:00,Florida Panthers,Seattle Kraken,0.6666666666666666,0.3333333333333333,5.0,4.0,SO,1,-165.0,140.0
2025021125.0,2026-03-24 19:00:00,Philadelphia Flyers,Columbus Blue Jackets,0.4533333333333333,0.5466666666666666,2.0,3.0,REG,1,105.0,-125.0
2025021126.0,2026-03-24 19:00:00,Pittsburgh Penguins,Colorado Avalanche,0.4266666666666667,0.5733333333333334,2.0,6.0,REG,1,-190.0,160.0
2025021124.0,2026-03-24 19:00:00,New York Islanders,Chicago Blackhawks,0.4533333333333333,0.5466666666666666,3.0,4.0,REG,1,-130.0,110.0
2025021122.0,2026-03-24 19:00:00,Detroit Red Wings,Ottawa Senators,0.5000000000000001,0.4999999999999999,2.0,3.0,REG,0,145.0,-175.0
2025021121.0,2026-03-24 19:00:00,Montréal Canadiens,Carolina Hurricanes,0.6366666666666667,0.3633333333333333,5.0,2.0,REG,1,-125.0,105.0
2025021127.0,2026-03-24 19:30:00,Tampa Bay Lightning,Minnesota Wild,0.58,0.42,6.0,3.0,REG,1,-155.0,130.0
2025021131.0,2026-03-24 20:00:00,Winnipeg Jets,Vegas Golden Knights,0.55,0.45,4.0,1.0,REG,1,110.0,-130.0
2025021130.0,2026-03-24 20:00:00,Dallas Stars,New Jersey Devils,0.6266666666666667,0.3733333333333333,4.0,6.0,REG,0,-170.0,140.0
2025021128.0,2026-03-24 20:00:00,St. Louis Blues,Washington Capitals,0.6333333333333333,0.3666666666666666,3.0,0.0,REG,1,-105.0,-115.0
2025021129.0,2026-03-24 20:00:00,Nashville Predators,San Jose Sharks,0.5766666666666667,0.4233333333333333,6.0,3.0,REG,1,-135.0,115.0
2025021133.0,2026-03-24 21:00:00,Calgary Flames,Los Angeles Kings,0.4866666666666667,0.5133333333333333,3.0,2.0,SO,0,120.0,-140.0
2025021132.0,2026-03-24 21:30:00,Utah Mammoth,Edmonton Oilers,0.6033333333333334,0.3966666666666666,2.0,5.0,REG,0,-130.0,110.0
2025021134.0,2026-03-24 22:00:00,Vancouver Canucks,Anaheim Ducks,0.5033333333333333,0.4966666666666666,3.0,5.0,REG,0,154.0,-185.0
2025021136.0,2026-03-25 19:30:00,Toronto Maple Leafs,New York Rangers,0.5000000000000001,0.4999999999999999,4.0,3.0,REG,1,-210.0,175.0
2025021135.0,2026-03-25 19:30:00,Buffalo Sabres,Boston Bruins,0.6033333333333334,0.3966666666666666,3.0,4.0,OT,0,110.0,-130.0
2025021140.0,2026-03-26 19:00:00,Florida Panthers,Minnesota Wild,0.6866666666666666,0.3133333333333333,2.0,3.0,REG,0,-300.0,240.0
2025021142.0,2026-03-26 19:00:00,Philadelphia Flyers,Chicago Blackhawks,0.48,0.52,5.0,1.0,REG,0,-145.0,125.0
2025021139.0,2026-03-26 19:00:00,Tampa Bay Lightning,Seattle Kraken,0.6366666666666667,0.3633333333333333,3.0,4.0,OT,0,-150.0,125.0
2025021137.0,2026-03-26 19:00:00,Montréal Canadiens,Columbus Blue Jackets,0.61,0.39,2.0,1.0,REG,1,-118.0,-102.0
2025021138.0,2026-03-26 19:00:00,Ottawa Senators,Pittsburgh Penguins,0.65,0.35,3.0,4.0,SO,0,105.0,-125.0
2025021141.0,2026-03-26 19:00:00,New York Islanders,Dallas Stars,0.6633333333333333,0.3366666666666666,2.0,1.0,REG,1,135.0,-160.0
2025021145.0,2026-03-26 20:00:00,Winnipeg Jets,Colorado Avalanche,0.66,0.34,2.0,3.0,REG,0,155.0,-185.0
2025021144.0,2026-03-26 20:00:00,Nashville Predators,New Jersey Devils,0.5133333333333333,0.4866666666666667,2.0,4.0,REG,0,-130.0,110.0
2025021143.0,2026-03-26 20:00:00,St. Louis Blues,San Jose Sharks,0.5966666666666667,0.4033333333333333,2.0,1.0,OT,1,-115.0,-105.0
2025021146.0,2026-03-26 21:00:00,Utah Mammoth,Washington Capitals,0.4466666666666666,0.5533333333333333,4.0,7.0,REG,1,110.0,-130.0
2025021147.0,2026-03-26 21:00:00,Calgary Flames,Anaheim Ducks,0.58,0.42,2.0,3.0,OT,0,-135.0,115.0
2025021148.0,2026-03-26 21:30:00,Vegas Golden Knights,Edmonton Oilers,0.5766666666666667,0.4233333333333333,3.0,4.0,OT,0,-135.0,115.0
2025021149.0,2026-03-26 22:00:00,Vancouver Canucks,Los Angeles Kings,0.4866666666666667,0.5133333333333333,0.0,4.0,REG,1,155.0,-180.0
2025021151.0,2026-03-27 19:00:00,New York Rangers,Chicago Blackhawks,0.58,0.42,6.0,1.0,REG,1,-175.0,145.0
2025021150.0,2026-03-27 19:00:00,Buffalo Sabres,Detroit Red Wings,0.51,0.49,2.0,5.0,REG,0,-140.0,120.0
2025021153.0,2026-03-28 13:00:00,New York Islanders,Florida Panthers,0.55,0.45,5.0,2.0,REG,1,-200.0,165.0
2025021152.0,2026-03-28 13:00:00,Tampa Bay Lightning,Ottawa Senators,0.5466666666666666,0.4533333333333333,4.0,2.0,REG,1,-135.0,115.0
2025021154.0,2026-03-28 15:30:00,Edmonton Oilers,Anaheim Ducks,0.6866666666666666,0.3133333333333333,4.0,2.0,REG,1,-145.0,125.0
2025021155.0,2026-03-28 17:00:00,Boston Bruins,Minnesota Wild,0.61,0.39,6.0,3.0,REG,1,100.0,-120.0
2025021158.0,2026-03-28 17:00:00,Columbus Blue Jackets,San Jose Sharks,0.49,0.51,2.0,3.0,REG,1,115.0,-135.0
2025021156.0,2026-03-28 17:00:00,Pittsburgh Penguins,Dallas Stars,0.42,0.58,3.0,6.0,REG,1,-190.0,155.0
2025021157.0,2026-03-28 17:00:00,Carolina Hurricanes,New Jersey Devils,0.6866666666666666,0.3133333333333333,5.0,2.0,REG,1,-200.0,165.0
2025021159.0,2026-03-28 17:30:00,Buffalo Sabres,Seattle Kraken,0.4933333333333333,0.5066666666666667,3.0,2.0,SO,0,-190.0,160.0
2025021161.0,2026-03-28 19:00:00,Nashville Predators,Montréal Canadiens,0.4866666666666667,0.5133333333333333,1.0,4.0,REG,1,-150.0,125.0
2025021160.0,2026-03-28 19:00:00,St. Louis Blues,Toronto Maple Leafs,0.5733333333333334,0.4266666666666667,5.0,1.0,REG,1,-105.0,-115.0
2025021162.0,2026-03-28 19:00:00,Colorado Avalanche,Winnipeg Jets,0.63,0.37,2.0,4.0,REG,0,-275.0,220.0
2025021163.0,2026-03-28 20:00:00,Detroit Red Wings,Philadelphia Flyers,0.5766666666666667,0.4233333333333333,3.0,5.0,REG,0,-130.0,110.0
2025021164.0,2026-03-28 21:00:00,Los Angeles Kings,Utah Mammoth,0.52,0.48,2.0,6.0,REG,0,-115.0,-105.0
2025021165.0,2026-03-28 22:00:00,Calgary Flames,Vancouver Canucks,0.4366666666666666,0.5633333333333334,7.0,3.0,REG,0,-170.0,140.0
2025021166.0,2026-03-28 22:30:00,Vegas Golden Knights,Washington Capitals,0.5333333333333333,0.4666666666666667,4.0,5.0,SO,0,-150.0,130.0
2025021167.0,2026-03-29 13:00:00,New York Rangers,Florida Panthers,0.48,0.52,3.0,1.0,REG,0,154.0,-185.0
2025021169.0,2026-03-29 17:00:00,Carolina Hurricanes,Montréal Canadiens,0.6666666666666666,0.3333333333333333,1.0,3.0,REG,0,-175.0,145.0
2025021168.0,2026-03-29 17:00:00,Tampa Bay Lightning,Nashville Predators,0.52,0.48,3.0,2.0,REG,1,-160.0,135.0
2025021170.0,2026-03-29 17:00:00,Columbus Blue Jackets,Boston Bruins,0.64,0.36,3.0,4.0,SO,0,-185.0,155.0
2025021172.0,2026-03-29 19:00:00,Philadelphia Flyers,Dallas Stars,0.4766666666666667,0.5233333333333333,2.0,1.0,OT,0,-170.0,145.0
2025021171.0,2026-03-29 19:00:00,New Jersey Devils,Chicago Blackhawks,0.53,0.47,5.0,3.0,REG,1,145.0,-175.0
2025021173.0,2026-03-30 19:00:00,New York Islanders,Pittsburgh Penguins,0.5133333333333333,0.4866666666666667,3.0,8.0,REG,0,-130.0,110.0
2025021174.0,2026-03-30 20:30:00,Colorado Avalanche,Calgary Flames,0.56,0.44,9.0,2.0,REG,1,-375.0,290.0
2025021175.0,2026-03-30 22:00:00,Vegas Golden Knights,Vancouver Canucks,0.4533333333333333,0.5466666666666666,4.0,2.0,REG,0,-110.0,-110.0
2025021176.0,2026-03-30 22:00:00,Anaheim Ducks,Toronto Maple Leafs,0.3966666666666666,0.6033333333333334,4.0,5.0,OT,1,-350.0,275.0
2025021177.0,2026-03-30 22:00:00,San Jose Sharks,St. Louis Blues,0.42,0.58,5.0,4.0,REG,0,-190.0,160.0
2025021179.0,2026-03-31 19:00:00,Buffalo Sabres,New York Islanders,0.6266666666666667,0.3733333333333333,4.0,3.0,REG,1,105.0,-125.0
2025021180.0,2026-03-31 19:00:00,Tampa Bay Lightning,Montréal Canadiens,0.5000000000000001,0.4999999999999999,1.0,4.0,REG,0,-125.0,105.0
2025021181.0,2026-03-31 19:00:00,Florida Panthers,Ottawa Senators,0.3766666666666666,0.6233333333333333,6.0,3.0,REG,0,-170.0,145.0
2025021178.0,2026-03-31 19:00:00,Boston Bruins,Dallas Stars,0.51,0.49,6.0,3.0,REG,1,110.0,-130.0
2025021184.0,2026-03-31 19:00:00,Washington Capitals,Philadelphia Flyers,0.66,0.34,6.0,4.0,REG,1,150.0,-180.0
2025021183.0,2026-03-31 19:00:00,Pittsburgh Penguins,Detroit Red Wings,0.4033333333333333,0.5966666666666667,5.0,1.0,REG,0,-175.0,145.0
2025021182.0,2026-03-31 19:00:00,New York Rangers,New Jersey Devils,0.5266666666666666,0.4733333333333333,4.0,1.0,REG,1,-110.0,-110.0
2025021185.0,2026-03-31 19:30:00,Columbus Blue Jackets,Carolina Hurricanes,0.49,0.51,2.0,5.0,REG,1,110.0,-130.0
2025021186.0,2026-03-31 20:30:00,Chicago Blackhawks,Winnipeg Jets,0.4766666666666667,0.5233333333333333,3.0,4.0,OT,1,125.0,-145.0
2025021187.0,2026-03-31 21:00:00,Edmonton Oilers,Seattle Kraken,0.6766666666666666,0.3233333333333333,3.0,0.0,REG,1,-185.0,155.0
2025021188.0,2026-04-01 20:30:00,Colorado Avalanche,Vancouver Canucks,0.5766666666666667,0.4233333333333333,6.0,8.0,REG,0,-450.0,350.0
2025021190.0,2026-04-01 21:00:00,San Jose Sharks,Anaheim Ducks,0.5466666666666666,0.4533333333333333,4.0,3.0,REG,1,-137.0,123.0
2025021189.0,2026-04-01 21:00:00,Los Angeles Kings,St. Louis Blues,0.4933333333333333,0.5066666666666667,2.0,1.0,OT,0,-110.0,-110.0
2025021191.0,2026-04-02 19:00:00,Ottawa Senators,Buffalo Sabres,0.5066666666666667,0.4933333333333333,4.0,1.0,REG,1,-110.0,-110.0
2025021195.0,2026-04-02 19:00:00,New York Rangers,Montréal Canadiens,0.5433333333333333,0.4566666666666666,2.0,3.0,REG,0,105.0,-125.0
2025021197.0,2026-04-02 19:00:00,Carolina Hurricanes,Columbus Blue Jackets,0.7166666666666667,0.2833333333333333,5.0,1.0,REG,1,-190.0,160.0
2025021192.0,2026-04-02 19:00:00,Tampa Bay Lightning,Pittsburgh Penguins,0.56,0.44,6.0,3.0,REG,1,140.0,-165.0
2025021193.0,2026-04-02 19:00:00,Florida Panthers,Boston Bruins,0.53,0.47,2.0,1.0,REG,1,-120.0,100.0
2025021196.0,2026-04-02 19:00:00,Philadelphia Flyers,Detroit Red Wings,0.5433333333333333,0.4566666666666666,2.0,4.0,REG,0,-160.0,135.0
2025021194.0,2026-04-02 19:30:00,New Jersey Devils,Washington Capitals,0.5933333333333334,0.4066666666666667,7.0,3.0,REG,1,-110.0,-110.0
2025021199.0,2026-04-02 20:00:00,Minnesota Wild,Vancouver Canucks,0.57,0.43,5.0,2.0,REG,1,-150.0,130.0
2025021198.0,2026-04-02 20:00:00,Dallas Stars,Winnipeg Jets,0.6433333333333333,0.3566666666666667,3.0,0.0,REG,1,-450.0,333.0
2025021200.0,2026-04-02 21:00:00,Edmonton Oilers,Chicago Blackhawks,0.6366666666666667,0.3633333333333333,3.0,1.0,REG,1,-225.0,185.0
2025021203.0,2026-04-02 22:00:00,Seattle Kraken,Utah Mammoth,0.5133333333333333,0.4866666666666667,2.0,6.0,REG,0,115.0,-135.0
2025021201.0,2026-04-02 22:00:00,Vegas Golden Knights,Calgary Flames,0.5166666666666667,0.4833333333333333,6.0,3.0,REG,1,-135.0,115.0
2025021202.0,2026-04-02 22:00:00,San Jose Sharks,Toronto Maple Leafs,0.3533333333333333,0.6466666666666666,4.0,1.0,REG,0,-250.0,200.0
2025021204.0,2026-04-02 22:30:00,Los Angeles Kings,Nashville Predators,0.5466666666666666,0.4533333333333333,4.0,5.0,SO,0,-125.0,105.0
2025021205.0,2026-04-03 19:00:00,New York Islanders,Philadelphia Flyers,0.6866666666666666,0.3133333333333333,1.0,4.0,REG,0,-145.0,125.0
2025021206.0,2026-04-03 22:00:00,Anaheim Ducks,St. Louis Blues,0.4966666666666666,0.5033333333333333,2.0,6.0,REG,1,-135.0,115.0
2025021207.0,2026-04-04 12:30:00,New York Rangers,Detroit Red Wings,0.7133333333333334,0.2866666666666667,4.0,1.0,REG,1,120.0,-140.0
2025021208.0,2026-04-04 13:00:00,Ottawa Senators,Minnesota Wild,0.5133333333333333,0.4866666666666667,1.0,4.0,REG,0,-120.0,100.0
2025021209.0,2026-04-04 15:00:00,Dallas Stars,Colorado Avalanche,0.58,0.42,0.0,2.0,REG,0,100.0,-120.0
2025021210.0,2026-04-04 17:00:00,Tampa Bay Lightning,Boston Bruins,0.57,0.43,3.0,1.0,REG,1,-170.0,145.0
2025021211.0,2026-04-04 17:00:00,Pittsburgh Penguins,Florida Panthers,0.5466666666666666,0.4533333333333333,9.0,4.0,REG,1,-245.0,200.0
2025021216.0,2026-04-04 19:00:00,Vancouver Canucks,Utah Mammoth,0.54,0.46,4.0,7.0,REG,0,-105.0,-115.0
2025021214.0,2026-04-04 19:00:00,Carolina Hurricanes,New York Islanders,0.71,0.29,4.0,3.0,REG,1,-145.0,125.0
2025021217.0,2026-04-04 19:00:00,Los Angeles Kings,Toronto Maple Leafs,0.44,0.56,7.0,6.0,OT,0,105.0,-125.0
2025021213.0,2026-04-04 19:00:00,Washington Capitals,Buffalo Sabres,0.5766666666666667,0.4233333333333333,6.0,2.0,REG,1,190.0,-235.0
2025021215.0,2026-04-04 19:00:00,Columbus Blue Jackets,Winnipeg Jets,0.5866666666666667,0.4133333333333333,1.0,2.0,REG,0,-260.0,210.0
2025021212.0,2026-04-04 19:00:00,New Jersey Devils,Montréal Canadiens,0.47,0.53,3.0,4.0,SO,1,-200.0,165.0
2025021219.0,2026-04-04 22:00:00,Anaheim Ducks,Calgary Flames,0.5433333333333333,0.4566666666666666,3.0,5.0,REG,0,-120.0,100.0
2025021221.0,2026-04-04 22:00:00,Seattle Kraken,Chicago Blackhawks,0.49,0.51,2.0,4.0,REG,1,-110.0,-110.0
2025021220.0,2026-04-04 22:00:00,San Jose Sharks,Nashville Predators,0.3366666666666666,0.6633333333333333,3.0,6.0,REG,1,-150.0,125.0
2025021218.0,2026-04-04 22:00:00,Edmonton Oilers,Vegas Golden Knights,0.7133333333333334,0.2866666666666667,1.0,5.0,REG,0,-170.0,145.0
2025021222.0,2026-04-05 13:00:00,Detroit Red Wings,Minnesota Wild,0.6133333333333333,0.3866666666666666,4.0,5.0,REG,0,110.0,-130.0
2025021223.0,2026-04-05 15:00:00,Pittsburgh Penguins,Florida Panthers,0.6666666666666666,0.3333333333333333,5.0,2.0,REG,1,-235.0,190.0
2025021224.0,2026-04-05 15:30:00,Philadelphia Flyers,Boston Bruins,0.5366666666666666,0.4633333333333333,2.0,1.0,OT,1,-150.0,125.0
2025021225.0,2026-04-05 17:00:00,Ottawa Senators,Carolina Hurricanes,0.61,0.39,6.0,3.0,REG,1,100.0,-120.0
2025021226.0,2026-04-05 19:00:00,Montréal Canadiens,New Jersey Devils,0.52,0.48,0.0,3.0,REG,0,-150.0,125.0
2025021227.0,2026-04-05 19:00:00,New York Rangers,Washington Capitals,0.5933333333333334,0.4066666666666667,8.0,1.0,REG,1,-105.0,-115.0
2025021228.0,2026-04-05 21:30:00,Colorado Avalanche,St. Louis Blues,0.6,0.4,2.0,3.0,REG,0,-200.0,165.0
2025021229.0,2026-04-06 19:00:00,Buffalo Sabres,Tampa Bay Lightning,0.5266666666666666,0.4733333333333333,4.0,2.0,REG,1,-105.0,-115.0
2025021230.0,2026-04-06 19:30:00,Winnipeg Jets,Seattle Kraken,0.5733333333333334,0.4266666666666667,6.0,2.0,REG,1,-165.0,140.0
2025021231.0,2026-04-06 22:00:00,San Jose Sharks,Chicago Blackhawks,0.3166666666666666,0.6833333333333333,3.0,2.0,REG,0,-160.0,135.0
2025021232.0,2026-04-06 22:30:00,Los Angeles Kings,Nashville Predators,0.4966666666666666,0.5033333333333333,3.0,2.0,SO,0,-135.0,115.0
2025021234.0,2026-04-07 19:00:00,Ottawa Senators,Tampa Bay Lightning,0.6733333333333333,0.3266666666666666,6.0,2.0,REG,1,-120.0,100.0
2025021237.0,2026-04-07 19:00:00,Carolina Hurricanes,Boston Bruins,0.7766666666666666,0.2233333333333333,6.0,5.0,OT,1,-110.0,-110.0
2025021233.0,2026-04-07 19:00:00,Montréal Canadiens,Florida Panthers,0.6333333333333333,0.3666666666666666,4.0,3.0,SO,1,-185.0,154.0
2025021236.0,2026-04-07 19:00:00,New Jersey Devils,Philadelphia Flyers,0.6533333333333333,0.3466666666666667,1.0,5.0,REG,0,-275.0,220.0
2025021235.0,2026-04-07 19:00:00,Detroit Red Wings,Columbus Blue Jackets,0.6233333333333333,0.3766666666666666,3.0,4.0,SO,0,-140.0,120.0
2025021239.0,2026-04-07 20:00:00,Dallas Stars,Calgary Flames,0.5466666666666666,0.4533333333333333,4.0,3.0,OT,1,-250.0,200.0
2025021238.0,2026-04-07 20:00:00,St. Louis Blues,Colorado Avalanche,0.6533333333333333,0.3466666666666667,1.0,3.0,REG,0,-250.0,200.0
2025021240.0,2026-04-07 20:00:00,Minnesota Wild,Seattle Kraken,0.6133333333333333,0.3866666666666666,5.0,2.0,REG,1,130.0,-155.0
2025021241.0,2026-04-07 21:30:00,Utah Mammoth,Edmonton Oilers,0.6,0.4,6.0,5.0,OT,1,-135.0,115.0
2025021242.0,2026-04-07 22:00:00,Vancouver Canucks,Vegas Golden Knights,0.4866666666666667,0.5133333333333333,1.0,2.0,REG,1,200.0,-250.0
2025021243.0,2026-04-07 22:00:00,Anaheim Ducks,Nashville Predators,0.36,0.64,0.0,5.0,REG,1,-145.0,125.0
2025021244.0,2026-04-08 19:00:00,New York Rangers,Buffalo Sabres,0.7133333333333334,0.2866666666666667,3.0,5.0,REG,0,115.0,-135.0
2025021245.0,2026-04-08 19:30:00,Toronto Maple Leafs,Washington Capitals,0.6333333333333333,0.3666666666666666,0.0,4.0,REG,0,135.0,-160.0
2025021246.0,2026-04-08 22:00:00,San Jose Sharks,Edmonton Oilers,0.3166666666666666,0.6833333333333333,2.0,5.0,REG,1,-110.0,-110.0
2025021252.0,2026-04-09 18:45:00,New York Islanders,Toronto Maple Leafs,0.56,0.44,5.0,3.0,REG,1,-275.0,220.0
2025021247.0,2026-04-09 19:00:00,Buffalo Sabres,Columbus Blue Jackets,0.4833333333333333,0.5166666666666667,5.0,0.0,REG,0,-115.0,-105.0
2025021251.0,2026-04-09 19:00:00,New Jersey Devils,Pittsburgh Penguins,0.5433333333333333,0.4566666666666666,2.0,5.0,REG,0,-375.0,300.0
2025021249.0,2026-04-09 19:00:00,Ottawa Senators,Florida Panthers,0.7066666666666667,0.2933333333333333,5.0,1.0,REG,1,-110.0,-110.0
2025021248.0,2026-04-09 19:00:00,Montréal Canadiens,Tampa Bay Lightning,0.6883333333333334,0.3116666666666666,2.0,1.0,REG,1,100.0,-120.0
2025021250.0,2026-04-09 19:00:00,Detroit Red Wings,Philadelphia Flyers,0.6166666666666667,0.3833333333333333,6.0,3.0,REG,1,-110.0,-110.0
2025021253.0,2026-04-09 20:00:00,St. Louis Blues,Winnipeg Jets,0.5766666666666667,0.4233333333333333,2.0,3.0,REG,0,-110.0,-110.0
2025021255.0,2026-04-09 20:30:00,Chicago Blackhawks,Carolina Hurricanes,0.54,0.46,2.0,7.0,REG,0,155.0,-185.0
2025021257.0,2026-04-09 21:00:00,Utah Mammoth,Nashville Predators,0.49,0.51,4.0,1.0,REG,0,-125.0,105.0
2025021256.0,2026-04-09 21:00:00,Colorado Avalanche,Calgary Flames,0.5233333333333333,0.4766666666666667,3.0,1.0,REG,1,-170.0,140.0
2025021254.0,2026-04-09 21:00:00,Dallas Stars,Minnesota Wild,0.5033333333333333,0.4966666666666666,5.0,4.0,REG,1,-340.0,270.0
2025021259.0,2026-04-09 22:00:00,Seattle Kraken,Vegas Golden Knights,0.4733333333333333,0.5266666666666666,4.0,3.0,SO,0,165.0,-200.0
2025021258.0,2026-04-09 22:00:00,Anaheim Ducks,San Jose Sharks,0.3466666666666667,0.6533333333333333,6.0,1.0,REG,0,-165.0,140.0
2025021260.0,2026-04-09 22:30:00,Los Angeles Kings,Vancouver Canucks,0.64,0.36,4.0,1.0,REG,1,-295.0,240.0
2025021261.0,2026-04-11 12:30:00,Boston Bruins,Tampa Bay Lightning,0.6733333333333333,0.3266666666666666,1.0,2.0,REG,0,100.0,-120.0
2025021262.0,2026-04-11 13:00:00,New York Islanders,Ottawa Senators,0.6166666666666667,0.3833333333333333,0.0,3.0,REG,0,110.0,-130.0
2025021263.0,2026-04-11 15:00:00,Pittsburgh Penguins,Washington Capitals,0.59,0.41,3.0,6.0,REG,0,125.0,-150.0
2025021264.0,2026-04-11 16:00:00,Los Angeles Kings,Edmonton Oilers,0.5033333333333333,0.4966666666666666,1.0,0.0,REG,1,-118.0,-102.0
2025021269.0,2026-04-11 17:00:00,Utah Mammoth,Carolina Hurricanes,0.5333333333333333,0.4666666666666667,1.0,4.0,REG,0,-125.0,105.0
2025021267.0,2026-04-11 17:00:00,Nashville Predators,Minnesota Wild,0.5933333333333334,0.4066666666666667,2.0,1.0,REG,1,125.0,-145.0
2025021265.0,2026-04-11 17:00:00,Detroit Red Wings,New Jersey Devils,0.64,0.36,3.0,5.0,REG,0,-105.0,-115.0
2025021266.0,2026-04-11 17:00:00,Chicago Blackhawks,St. Louis Blues,0.5000000000000001,0.4999999999999999,3.0,5.0,REG,0,-135.0,115.0
2025021268.0,2026-04-11 17:00:00,Dallas Stars,New York Rangers,0.5933333333333334,0.4066666666666667,2.0,0.0,REG,1,-180.0,150.0
2025021270.0,2026-04-11 19:00:00,Toronto Maple Leafs,Florida Panthers,0.5466666666666666,0.4533333333333333,2.0,6.0,REG,0,-135.0,115.0
2025021271.0,2026-04-11 19:00:00,Montréal Canadiens,Columbus Blue Jackets,0.7266666666666667,0.2733333333333333,2.0,5.0,REG,0,-150.0,130.0
2025021273.0,2026-04-11 19:00:00,Seattle Kraken,Calgary Flames,0.5266666666666666,0.4733333333333333,4.0,1.0,REG,1,-125.0,105.0
2025021272.0,2026-04-11 19:00:00,Winnipeg Jets,Philadelphia Flyers,0.56,0.44,1.0,7.0,REG,0,-130.0,110.0
2025021274.0,2026-04-11 20:00:00,Colorado Avalanche,Vegas Golden Knights,0.5333333333333333,0.4666666666666667,2.0,3.0,OT,0,-130.0,110.0
2025021275.0,2026-04-11 22:00:00,San Jose Sharks,Vancouver Canucks,0.3433333333333333,0.6566666666666666,3.0,4.0,SO,1,-200.0,165.0
2025021276.0,2026-04-12 15:00:00,Washington Capitals,Pittsburgh Penguins,0.5116666666666667,0.4883333333333333,3.0,0.0,REG,1,-145.0,125.0
2025021277.0,2026-04-12 18:00:00,New York Islanders,Montréal Canadiens,0.4666666666666667,0.5333333333333333,1.0,4.0,REG,1,-115.0,-105.0
2025021278.0,2026-04-12 18:00:00,Columbus Blue Jackets,Boston Bruins,0.52,0.48,2.0,3.0,REG,0,-205.0,170.0
2025021279.0,2026-04-12 19:00:00,New Jersey Devils,Ottawa Senators,0.4466666666666666,0.5533333333333333,4.0,3.0,OT,0,-120.0,100.0
2025021280.0,2026-04-12 20:00:00,Anaheim Ducks,Vancouver Canucks,0.41,0.59,3.0,4.0,OT,1,-320.0,260.0
2025021281.0,2026-04-12 21:00:00,Calgary Flames,Utah Mammoth,0.6733333333333333,0.3266666666666666,4.0,1.0,REG,1,140.0,-165.0
2025021284.0,2026-04-13 19:00:00,Philadelphia Flyers,Carolina Hurricanes,0.48,0.52,3.0,2.0,SO,0,-200.0,165.0
2025021282.0,2026-04-13 19:00:00,Tampa Bay Lightning,Detroit Red Wings,0.63,0.37,4.0,3.0,OT,1,-160.0,135.0
2025021283.0,2026-04-13 19:00:00,Florida Panthers,New York Rangers,0.5766666666666667,0.4233333333333333,3.0,2.0,REG,1,130.0,-155.0
2025021285.0,2026-04-13 19:30:00,Toronto Maple Leafs,Dallas Stars,0.5466666666666666,0.4533333333333333,5.0,6.0,REG,0,165.0,-200.0
2025021287.0,2026-04-13 20:00:00,Nashville Predators,San Jose Sharks,0.6333333333333333,0.3666666666666666,2.0,3.0,REG,0,-150.0,125.0
2025021286.0,2026-04-13 20:00:00,St. Louis Blues,Minnesota Wild,0.44,0.56,6.0,3.0,REG,0,-185.0,154.0
2025021288.0,2026-04-13 20:30:00,Chicago Blackhawks,Buffalo Sabres,0.4833333333333333,0.5166666666666667,1.0,5.0,REG,1,165.0,-200.0
2025021291.0,2026-04-13 21:30:00,Seattle Kraken,Los Angeles Kings,0.5633333333333334,0.4366666666666666,3.0,5.0,REG,0,145.0,-170.0
2025021289.0,2026-04-13 21:30:00,Edmonton Oilers,Colorado Avalanche,0.63,0.37,1.0,2.0,SO,0,100.0,-120.0
2025021290.0,2026-04-13 22:00:00,Vegas Golden Knights,Winnipeg Jets,0.5766666666666667,0.4233333333333333,6.0,2.0,REG,1,-175.0,145.0
2025021295.0,2026-04-14 19:00:00,Columbus Blue Jackets,Washington Capitals,0.5966666666666667,0.4033333333333333,1.0,2.0,REG,0,240.0,-300.0
2025021294.0,2026-04-14 19:00:00,Philadelphia Flyers,Montréal Canadiens,0.5000000000000001,0.4999999999999999,4.0,2.0,REG,1,-185.0,155.0
2025021292.0,2026-04-14 19:00:00,Boston Bruins,New Jersey Devils,0.37,0.63,4.0,0.0,REG,0,-155.0,130.0
2025021293.0,2026-04-14 19:00:00,New York Islanders,Carolina Hurricanes,0.48,0.52,1.0,2.0,REG,1,-150.0,130.0
2025021296.0,2026-04-14 20:00:00,Minnesota Wild,Anaheim Ducks,0.55,0.45,3.0,2.0,REG,1,145.0,-175.0
2025021297.0,2026-04-14 21:00:00,Utah Mammoth,Winnipeg Jets,0.49,0.51,5.0,3.0,REG,0,-210.0,170.0
2025021298.0,2026-04-14 21:00:00,Calgary Flames,Colorado Avalanche,0.6333333333333333,0.3666666666666666,1.0,3.0,REG,0,130.0,-155.0
2025021299.0,2026-04-14 21:30:00,St. Louis Blues,Pittsburgh Penguins,0.55,0.45,7.0,5.0,REG,1,-220.0,180.0
2025021300.0,2026-04-14 22:00:00,Vancouver Canucks,Los Angeles Kings,0.5233333333333333,0.4766666666666667,4.0,3.0,OT,1,140.0,-165.0
2025021303.0,2026-04-15 19:00:00,Florida Panthers,Detroit Red Wings,0.58,0.42,8.0,1.0,REG,1,-140.0,120.0
2025021301.0,2026-04-15 19:00:00,Buffalo Sabres,Dallas Stars,0.58,0.42,3.0,4.0,SO,0,150.0,-180.0
2025021302.0,2026-04-15 19:00:00,Tampa Bay Lightning,New York Rangers,0.6583333333333333,0.3416666666666667,2.0,4.0,REG,0,125.0,-145.0
2025021304.0,2026-04-15 19:30:00,Ottawa Senators,Toronto Maple Leafs,0.5883333333333334,0.4116666666666667,3.0,1.0,REG,1,-200.0,165.0
2025021305.0,2026-04-15 20:30:00,Chicago Blackhawks,San Jose Sharks,0.5433333333333333,0.4566666666666666,5.0,2.0,REG,1,100.0,-120.0
2025021306.0,2026-04-15 22:00:00,Vegas Golden Knights,Seattle Kraken,0.56,0.44,4.0,1.0,REG,1,-330.0,265.0
2025021309.0,2026-04-16 19:30:00,Utah Mammoth,St. Louis Blues,0.4633333333333333,0.5366666666666666,3.0,5.0,REG,1,-120.0,100.0
2025021307.0,2026-04-16 20:00:00,Nashville Predators,Anaheim Ducks,0.57,0.43,4.0,5.0,REG,0,105.0,-125.0
2025021308.0,2026-04-16 20:00:00,Winnipeg Jets,San Jose Sharks,0.6033333333333334,0.3966666666666666,1.0,6.0,REG,0,-160.0,135.0
2025021311.0,2026-04-16 21:00:00,Edmonton Oilers,Vancouver Canucks,0.58,0.42,6.0,1.0,REG,1,-350.0,275.0
2025021310.0,2026-04-16 21:00:00,Calgary Flames,Los Angeles Kings,0.5633333333333334,0.4366666666666666,3.0,1.0,REG,1,145.0,-175.0
2025021312.0,2026-04-16 22:00:00,Colorado Avalanche,Seattle Kraken,0.61,0.39,2.0,0.0,REG,1,-220.0,180.0
2025030131.0,2026-04-18 15:00:00,Carolina Hurricanes,Ottawa Senators,0.62,0.38,2.0,0.0,REG,1,-140.0,120.0
2025030161.0,2026-04-18 17:30:00,Dallas Stars,Minnesota Wild,0.6533333333333333,0.3466666666666667,1.0,6.0,REG,0,-125.0,105.0
2025030141.0,2026-04-18 20:00:00,Pittsburgh Penguins,Philadelphia Flyers,0.6033333333333334,0.3966666666666666,2.0,3.0,REG,0,-140.0,120.0
2025030151.0,2026-04-19 15:00:00,Colorado Avalanche,Los Angeles Kings,0.4866666666666667,0.5133333333333333,2.0,1.0,REG,0,-290.0,235.0
2025030121.0,2026-04-19 17:45:00,Tampa Bay Lightning,Montréal Canadiens,0.5766666666666667,0.4233333333333333,3.0,4.0,OT,0,-185.0,154.0
2025030111.0,2026-04-19 19:30:00,Buffalo Sabres,Boston Bruins,0.63,0.37,4.0,3.0,REG,1,-165.0,140.0
2025030171.0,2026-04-19 22:00:00,Vegas Golden Knights,Utah Mammoth,0.6333333333333333,0.3666666666666666,4.0,2.0,REG,1,-160.0,135.0
2025030142.0,2026-04-20 19:00:00,Pittsburgh Penguins,Philadelphia Flyers,0.5833333333333334,0.4166666666666667,0.0,3.0,REG,0,-155.0,130.0
2025030132.0,2026-04-20 19:30:00,Carolina Hurricanes,Ottawa Senators,0.64,0.36,3.0,2.0,OT,1,-145.0,125.0
2025030162.0,2026-04-20 21:30:00,Dallas Stars,Minnesota Wild,0.6366666666666667,0.3633333333333333,4.0,2.0,REG,1,-140.0,120.0
2025030181.0,2026-04-20 22:00:00,Edmonton Oilers,Anaheim Ducks,0.5933333333333334,0.4066666666666667,4.0,3.0,REG,1,-190.0,160.0
2025030122.0,2026-04-21 19:00:00,Tampa Bay Lightning,Montréal Canadiens,0.4877777777777777,0.5122222222222222,3.0,2.0,OT,0,-190.0,155.0
2025030112.0,2026-04-21 19:30:00,Buffalo Sabres,Boston Bruins,0.6066666666666667,0.3933333333333333,2.0,4.0,REG,0,-165.0,140.0
2025030172.0,2026-04-21 21:30:00,Vegas Golden Knights,Utah Mammoth,0.55,0.45,2.0,3.0,REG,0,-160.0,135.0
2025030152.0,2026-04-21 22:00:00,Colorado Avalanche,Los Angeles Kings,0.64,0.36,2.0,1.0,OT,1,-270.0,220.0
2025030143.0,2026-04-22 19:00:00,Philadelphia Flyers,Pittsburgh Penguins,0.3666666666666666,0.6333333333333333,5.0,2.0,REG,0,-115.0,-105.0
2025030163.0,2026-04-22 21:30:00,Minnesota Wild,Dallas Stars,0.64,0.36,3.0,4.0,OT,0,-135.0,115.0
2025030182.0,2026-04-22 22:00:00,Edmonton Oilers,Anaheim Ducks,0.65,0.35,4.0,6.0,REG,0,-190.0,160.0
2025030113.0,2026-04-23 19:00:00,Boston Bruins,Buffalo Sabres,0.5000000000000001,0.4999999999999999,1.0,3.0,REG,0,-115.0,-105.0
2025030133.0,2026-04-23 19:30:00,Ottawa Senators,Carolina Hurricanes,0.4283333333333333,0.5716666666666667,1.0,2.0,REG,1,-120.0,100.0
2025030153.0,2026-04-23 22:00:00,Los Angeles Kings,Colorado Avalanche,0.4824444444444445,0.5175555555555555,2.0,4.0,REG,1,130.0,-150.0
2025030123.0,2026-04-24 19:00:00,Montréal Canadiens,Tampa Bay Lightning,0.5172222222222221,0.4827777777777778,3.0,2.0,OT,1,100.0,-120.0
2025030173.0,2026-04-24 21:30:00,Utah Mammoth,Vegas Golden Knights,0.4539999999999999,0.546,4.0,2.0,REG,0,-105.0,-115.0
2025030183.0,2026-04-24 22:00:00,Anaheim Ducks,Edmonton Oilers,0.3766666666666666,0.6233333333333333,7.0,4.0,REG,0,120.0,-140.0
2025030134.0,2026-04-25 15:00:00,Ottawa Senators,Carolina Hurricanes,0.4266666666666667,0.5733333333333334,2.0,4.0,REG,1,115.0,-135.0
2025030164.0,2026-04-25 17:30:00,Minnesota Wild,Dallas Stars,0.39,0.61,3.0,2.0,OT,0,-125.0,105.0
2025030144.0,2026-04-25 20:00:00,Philadelphia Flyers,Pittsburgh Penguins,0.57,0.43,2.0,4.0,REG,0,-125.0,105.0
2025030114.0,2026-04-26 14:00:00,Boston Bruins,Buffalo Sabres,0.19,0.81,1.0,6.0,REG,1,-120.0,100.0
2025030154.0,2026-04-26 16:30:00,Los Angeles Kings,Colorado Avalanche,0.38,0.62,1.0,5.0,REG,1,150.0,-180.0
2025030124.0,2026-04-26 19:00:00,Montréal Canadiens,Tampa Bay Lightning,0.3733333333333333,0.6266666666666667,2.0,3.0,REG,1,-105.0,-115.0
2025030184.0,2026-04-26 21:30:00,Anaheim Ducks,Edmonton Oilers,0.59,0.41,4.0,3.0,OT,1,115.0,-135.0
2025030145.0,2026-04-27 19:00:00,Pittsburgh Penguins,Philadelphia Flyers,0.34,0.66,3.0,2.0,REG,0,-130.0,110.0
2025030174.0,2026-04-27 21:30:00,Utah Mammoth,Vegas Golden Knights,0.7666666666666667,0.2333333333333333,4.0,5.0,OT,0,115.0,-135.0
2025030115.0,2026-04-28 19:30:00,Buffalo Sabres,Boston Bruins,0.571111111111111,0.4288888888888889,1.0,2.0,OT,0,-170.0,140.0
2025030165.0,2026-04-28 20:00:00,Dallas Stars,Minnesota Wild,0.8366666666666667,0.1633333333333333,2.0,4.0,REG,0,-125.0,105.0
2025030185.0,2026-04-28 22:00:00,Edmonton Oilers,Anaheim Ducks,0.65,0.35,4.0,1.0,REG,1,-160.0,135.0
2025030125.0,2026-04-29 19:00:00,Tampa Bay Lightning,Montréal Canadiens,0.4327777777777777,0.5672222222222222,2.0,3.0,REG,1,-160.0,135.0
2025030146.0,2026-04-29 19:30:00,Philadelphia Flyers,Pittsburgh Penguins,0.54,0.46,1.0,0.0,OT,1,-120.0,100.0
2025030175.0,2026-04-29 22:00:00,Vegas Golden Knights,Utah Mammoth,0.4066666666666667,0.5933333333333334,5.0,4.0,OT,0,-160.0,135.0
2025030166.0,2026-04-30 19:30:00,Minnesota Wild,Dallas Stars,0.5316666666666666,0.4683333333333333,5.0,2.0,REG,1,-125.0,105.0
2025030186.0,2026-04-30 22:00:00,Anaheim Ducks,Edmonton Oilers,0.6216666666666667,0.3783333333333333,5.0,2.0,REG,1,110.0,-130.0
2025030126.0,2026-05-01 19:00:00,Montréal Canadiens,Tampa Bay Lightning,0.5372222222222223,0.4627777777777777,0.0,1.0,OT,0,100.0,-120.0
2025030116.0,2026-05-01 19:30:00,Boston Bruins,Buffalo Sabres,0.2766666666666666,0.7233333333333334,1.0,4.0,REG,1,105.0,-125.0
2025030176.0,2026-05-01 22:00:00,Utah Mammoth,Vegas Golden Knights,0.75,0.25,1.0,5.0,REG,0,100.0,-120.0
2025030127.0,2026-05-03 18:00:00,Tampa Bay Lightning,Montréal Canadiens,0.5266666666666666,0.4733333333333333,1.0,2.0,REG,0,-160.0,135.0
